{"intents": [
    {"id": 0, "url": ["https://www.guidelines.fmh.ch/"], "searchstring": ["diabetes"]}, 
    {"id": 1, "url": ["https://journals.plos.org/plosmedicine/article?id=10.1371/journal.pmed.1002837"], "searchstring": ["diabetes"]},
    {"id": 2, "url": ["https://obgyn.onlinelibrary.wiley.com/doi/10.1002/uog.20859"], "searchstring": ["aspirin"]},
    {"id": 3, "url": ["https://obgyn.onlinelibrary.wiley.com/doi/10.1002/uog.20859"], "searchstring": ["aspirin"]},
    {"id": 4, "url": ["https://www.ajconline.org/action/doSearch?searchType=authorLookUp"], "searchstring": ["amyloidose"]},
    {"id": 5, "url": ["https://www.guidelines.fmh.ch/"], "searchstring": ["migraine"]},
    {"id": 6, "url": ["https://www.guidelines.fmh.ch/"], "searchstring": ["guidelines"]},
    {"id": 7, "url": ["https://www.awmf.org/en/clinical-practice-guidelines/search-for-guidelines.html"], "searchstring": ["migraine"]},
    {"id": 8, "url": ["https://www.awmf.org/en/clinical-practice-guidelines/search-for-guidelines.html"], "searchstring": ["guidelines"]},
    {"id": 9, "url": ["https://www.awmf.org/en/clinical-practice-guidelines/search-for-guidelines.html"], "searchstring": ["migraine"]},
    {"id": 10, "url": ["https://www.awmf.org/en/clinical-practice-guidelines/search-for-guidelines.html"], "searchstring": ["guidelines"]},
    {"id": 11, "url": ["https://www.awmf.org/leitlinien/aktuelle-leitlinien.html"], "searchstring": ["leg weakness"]},
    {"id": 12, "url": ["https://www.awmf.org/leitlinien/aktuelle-leitlinien.html"], "searchstring": ["acute"]},
    {"id": 13, "url": ["https://www.ajconline.org/article/S0002-9149(19)31361-X/fulltext"], "searchstring": ["leg weakness"]},
    {"id": 14, "url": ["https://www.ajconline.org/article/S0002-9149(19)31361-X/fulltext"], "searchstring": ["acute"]},
    {"id": 15, "url": ["https://www.awmf.org/leitlinien/angemeldete-leitlinien.html"], "searchstring": ["sore throat"]},
    {"id": 16, "url": ["https://www.guidelines.fmh.ch/"], "searchstring": ["diabetes"]},
    {"id": 17, "url": ["https://journals.plos.org/plosmedicine/article?id=10.1371/journal.pmed.1002837"], "searchstring": ["diabetes"]},
    {"id": 18, "url": ["https://obgyn.onlinelibrary.wiley.com/doi/10.1002/uog.20859"], "searchstring": ["aspirin"]},
    {"id": 19, "url": ["https://obgyn.onlinelibrary.wiley.com/doi/10.1002/uog.20859"], "searchstring": ["aspirin"]}, 
    {"id": 20, "url": ["https://www.ajconline.org/action/doSearch?searchType=authorLookUp"], "searchstring": ["amyloidose"]},
    {"id": 21, "url": ["https://www.guidelines.fmh.ch/"], "searchstring": ["migr\u00e4ne"]},
    {"id": 22, "url": ["https://www.guidelines.fmh.ch/"], "searchstring": ["richtlinien"]},
    {"id": 23, "url": ["https://www.awmf.org/en/clinical-practice-guidelines/search-for-guidelines.html"], "searchstring": ["migr\u00e4ne"]},
    {"id": 24, "url": ["https://www.awmf.org/en/clinical-practice-guidelines/search-for-guidelines.html"], "searchstring": ["richtlinien"]},
    {"id": 25, "url": ["https://www.awmf.org/en/clinical-practice-guidelines/search-for-guidelines.html"], "searchstring": ["migr\u00e4ne"]},
    {"id": 26, "url": ["https://www.awmf.org/en/clinical-practice-guidelines/search-for-guidelines.html"], "searchstring": ["richtlinien"]},
    {"id": 27, "url": ["https://www.awmf.org/leitlinien/aktuelle-leitlinien.html"], "searchstring": ["beinschw\u00e4che"]}, 
    {"id": 28, "url": ["https://www.awmf.org/leitlinien/aktuelle-leitlinien.html"], "searchstring": ["akute"]},
    {"id": 29, "url": ["https://www.ajconline.org/article/S0002-9149(19)31361-X/fulltext"], "searchstring": ["beinschw\u00e4che"]},
    {"id": 30, "url": ["https://www.ajconline.org/article/S0002-9149(19)31361-X/fulltext"], "searchstring": ["akute"]},
    {"id": 31, "url": ["https://www.awmf.org/leitlinien/angemeldete-leitlinien.html"], "searchstring": ["halsschmerzen"]}
    ]
    }