﻿1,ca8a4731-9717-48d5-b938-1bcad369b347,NULL,2020-12-30 13:17:25.7144528,https://www.guidelines.fmh.ch/,diabetes
2,ca8a4731-9717-48d5-b938-1bcad369b347,NULL,2020-12-30 13:18:35.6008640,https://journals.plos.org/plosmedicine/article?id=10.1371/journal.pmed.1002837,diabetes
3,ca8a4731-9717-48d5-b938-1bcad369b347,NULL,2020-12-30 12:24:27.1372662,https://obgyn.onlinelibrary.wiley.com/doi/10.1002/uog.20859,aspirine
4,ca8a4731-9717-48d5-b938-1bcad369b347,NULL,2020-12-30 12:28:36.0345601,https://obgyn.onlinelibrary.wiley.com/doi/10.1002/uog.20859,aspirine
5,ca8a4731-9717-48d5-b938-1bcad369b347,NULL,2020-12-31 08:06:15.6920468,https://www.ajconline.org/action/doSearch?searchType=authorLookUp,Amyloidose
6,5e11ea37-afa1-4a53-97a6-7955829bfee7,NULL,2020-12-31 14:06:43.1624228,https://www.guidelines.fmh.ch/,Migräne Guidelines
7,5e11ea37-afa1-4a53-97a6-7955829bfee7,NULL,2020-12-31 14:08:38.8021059,https://www.awmf.org/en/clinical-practice-guidelines/search-for-guidelines.html,Migräne Guidelines
8,5e11ea37-afa1-4a53-97a6-7955829bfee7,NULL,2020-12-31 14:09:32.3353902,https://www.awmf.org/en/clinical-practice-guidelines/search-for-guidelines.html,Migräne Guidelines
9,5e11ea37-afa1-4a53-97a6-7955829bfee7,NULL,2020-12-31 14:13:04.5895348,https://www.awmf.org/leitlinien/aktuelle-leitlinien.html,Beinschwäche akute
10,5e11ea37-afa1-4a53-97a6-7955829bfee7,NULL,2020-12-31 14:15:28.6426189,https://www.ajconline.org/article/S0002-9149(19)31361-X/fulltext,Beinschwäche akute
11,1002c1b2-c04f-4886-8991-dc21bafec80b,NULL,2021-01-02 17:13:09.7382719,https://www.awmf.org/leitlinien/angemeldete-leitlinien.html,halsschmerzen
